{"wNY54UUhXfCjkN4lENkueQ==":"mbr-1920x1246.jpg","nsqpI+1g/X/kLP+JlYla/w==":"mbr-982x665.jpg","sL/cjk6xfss/HwXeJZu9QQ==":"chok-1162x872.jpg","hOoSNZIHtU0ARh/mQFvORA==":"chok-1-1162x872.jpg","jlbDj88rYs/EmNjOeQgEEQ==":"frame-504x360.jpg","Qw+X3Zaott2urRQXOiEebg==":"logo-192x192.png","w98FVfouL3VMO/6mcw9WtQ==":"robuntitled-3-195x195.png","TI28MylNKB8o7S+gyPWBIg==":"roberts%20coffee%20logo-150x150.png","jSAZswDCVgnopHYs8mAV2g==":"roberts%20coffee%20logo-100x100.png","RnsmdTyyLcvRowf4FMMSiQ==":"ajeeb-900x900.png","wzjqrxOfyoVV/DIgS3HI8Q==":"ajeeb-100x100.png","qa4YIig/wBBsLXLLGkxhWA==":"tesda%20schools-100x97.png","ST85hoLZQqHtgHlK/5qiww==":"chokwebicon-100x100.png","cfJBJgNwR22PPtjnKivosQ==":"yourbrandhere-100x100.png"}